{"cameraMode":{"drawMode":0,"name":"Shaded","section":"Shading Mode"},"sceneLighting":false,"audioPlay":false,"sceneViewState":{"m_AlwaysRefresh":false,"showFog":true,"showSkybox":false,"showFlares":true,"showImageEffects":true,"showParticleSystems":true,"showVisualEffectGraphs":true,"m_FxEnabled":true},"in2DMode":false,"pivot":{"x":-1.3654576539993287,"y":0.22902856767177583,"z":-7.90623664855957},"rotation":{"x":0.10671696811914444,"y":-0.12722741067409516,"z":0.013770914636552334,"w":0.9860356450080872},"size":0.5682514309883118,"orthographic":false}