{"cameraMode":{"drawMode":0,"name":"Shaded","section":"Shading Mode"},"sceneLighting":false,"audioPlay":false,"sceneViewState":{"m_AlwaysRefresh":false,"showFog":true,"showSkybox":false,"showFlares":true,"showImageEffects":true,"showParticleSystems":true,"showVisualEffectGraphs":true,"m_FxEnabled":true},"in2DMode":false,"pivot":{"x":1.7549999952316285,"y":-0.04500000178813934,"z":-7.710999965667725},"rotation":{"x":0.18470482528209687,"y":0.02130529098212719,"z":-0.004001108929514885,"w":0.982589840888977},"size":0.36359378695487978,"orthographic":false}