{"cameraMode":{"drawMode":0,"name":"Shaded","section":"Shading Mode"},"sceneLighting":false,"audioPlay":false,"sceneViewState":{"m_AlwaysRefresh":false,"showFog":true,"showSkybox":true,"showFlares":true,"showImageEffects":true,"showParticleSystems":true,"showVisualEffectGraphs":true,"m_FxEnabled":true},"in2DMode":false,"pivot":{"x":0.2889920473098755,"y":1.2301757335662842,"z":-3.5494418144226076},"rotation":{"x":-0.08362528681755066,"y":-0.22763334214687348,"z":0.01961570419371128,"w":-0.9699610471725464},"size":2.0161588191986086,"orthographic":false}